Duration (secs),finished,source,location,time,date,agrees to participate,online survey referral,FREE FORM website referral,FREE FORM poster referral,FREE FORM other referral,fam_eat_fish,resp_eat_fish,eats Flathead Catfish,eats Bowfin (Blackfish),eats Blue Catfish,eats Channel Catfish,eats White Catfish,eats American Shad,eats Bluegill,eats Redbreast Sunfish,eats White Crappie,eats Striped Bass,eats Carp,eats Black Crappie,eats Warmouth,eats Green Sunfish,eats Largemouth Bass,eats Redear Sunfish,eats Hickory Shad,FREE FORM other fish,shares fish with others,number of people <15 ,number of fem 15-44,portions in a meal,meals per month,fish use other than eating,FREE FORM other use,cooking methods,FREE FORM cooking,preparation methods,FREE FORM preparation,parts eaten,pollution concerns,FREE FORM pollution concerns,FREE FORM no pollution concerns,sources of information,FREE FORM bait and tackle shops,FREE FORM news sources,FREE FORM internet sources,FREE FORM schools,FREE FORM government sources,FREE FORM sign sources,FREE FORM other sources,FREE FORM best sources,seen fish advisories,fish advisories easy to understand,fish advisories affect decision,FREE FORM affected decision,FREE FORM did not affect decision,health information sources,FREE FORM internet health sources,FREE FORM other health sources,FREE FORM fishing locations,wallet card takeaway,FREE FORM other takeaway,wallet card useful,FREE FORM wallet card useful,FREE FORM wallet card not useful,FREE FORM improve wallet card,can fillet,magnet main message,FREE FORM other takeaway,magnet useful,FREE FORM magnet useful,FREE FORM magnet not useful,FREE FORM improve magnet,would eat fewer polluted fish,would eat more lower pollution fish,would fillet fish,would buy fish from market,would grill or bake rather than fry,would stop eating fish,FREE FORM other risk reduction option,FREE FORM eat less polluted fish,FREE FORM eat more fish with lower pollution,FREE FORM fillet fish,FREE FORM grocery store fish,FREE FORM other cooking methods,FREE FORM stop eating fish,age,gender,educ,language,FREE FORM last comments
378,TRUE,intercept,snows cut,12:00,11/8/20,No,,,,,,,,,,,,,,,,,,,,,,,,,,,,,,,,,,,,,,,,,,,,,,,,,,,,,,,,,,,,,,,,,,,,,,,,,,,,,,,,,,,,,,,,
870,TRUE,intercept,Riverside road,4:12,11/8/20,Yes,,,,,No,,,,,,,,,,,,,,,,,,,,,,,,,,,,,,,,,,,,,,,,,,,,,,,,,,,,,,,,,,,,,,,,,,,,,,,,,,,,,,,,,,,
197,TRUE,intercept,river road park,4:30,11/8/20,No,,,,,,,,,,,,,,,,,,,,,,,,,,,,,,,,,,,,,,,,,,,,,,,,,,,,,,,,,,,,,,,,,,,,,,,,,,,,,,,,,,,,,,,,
22221,TRUE,intercept,Lock and dam 1,3:33,11/9/20,No,,,,,,,,,,,,,,,,,,,,,,,,,,,,,,,,,,,,,,,,,,,,,,,,,,,,,,,,,,,,,,,,,,,,,,,,,,,,,,,,,,,,,,,,
890,TRUE,intercept,Lock and dam,4:38,4/27/00,Yes,,,,,No,,,,,,,,,,,,,,,,,,,,,,,,,,,,,,,,,,,,,,,,,,,,,,,,,,,,,,,,,,,,,,,,,,,,,,,,,,,,,,,,,,,
9585,FALSE,intercept,Ld 1,4:30,11/8/20,,,,,,,,,,,,,,,,,,,,,,,,,,,,,,,,,,,,,,,,,,,,,,,,,,,,,,,,,,,,,,,,,,,,,,,,,,,,,,,,,,,,,,,,,
33988,TRUE,intercept,,,,Yes,,,,,Yes,Yes,Off,On,On,On,On,Off,On,Off,Off,On,Off,Off,Off,On,On,On,On,,Yes,1 to 3,4 to 6,,,,,,,,,,No,,,,,,,,,,,,,,,,,,,,,,,,,,,,,,,,,,,,,,,,,,,,,,,,,,,
409,TRUE,intercept,River road,5:19,11/22/20,No,,,,,,,,,,,,,,,,,,,,,,,,,,,,,,,,,,,,,,,,,,,,,,,,,,,,,,,,,,,,,,,,,,,,,,,,,,,,,,,,,,,,,,,,
627,TRUE,intercept,Brunswick river,11:20,1/27/03,Yes,,,,,No,,,,,,,,,,,,,,,,,,,,,,,,,,,,,,,,,,,,,,,,,,,,,,,,,,,,,,,,,,,,,,,,,,,,,,,,,,,,,,,,,,,
4319,FALSE,intercept,Lock and dam 1,11:12,11/24/20,,,,,,,,,,,,,,,,,,,,,,,,,,,,,,,,,,,,,,,,,,,,,,,,,,,,,,,,,,,,,,,,,,,,,,,,,,,,,,,,,,,,,,,,,
8,TRUE,intercept,,,,Yes,,,,,No,,,,,,,,,,,,,,,,,,,,,,,,,,,,,,,,,,,,,,,,,,,,,,,,,,,,,,,,,,,,,,,,,,,,,,,,,,,,,,,,,,,
18208,TRUE,intercept,Bel I’ll,1:27,1/26/20,Yes,,,,,No,,,,,,,,,,,,,,,,,,,,,,,,,,,,,,,,,,,,,,,,,,,,,,,,,,,,,,,,,,,,,,,,,,,,,,,,,,,,,,,,,,,
43,TRUE,intercept,River road,9:00,11/8/20,Yes,,,,,Yes,Yes,Off,Off,Off,Off,Off,Off,Off,Off,Off,Off,Off,Off,Off,Off,Off,Off,Off,"Red drum, spot",Yes,1 to 3,1 to 3,About 2 portions,1-3 meals,Catch and release,,Fried,,"Remove scales,Remove fat,Remove head,Remove fish organs",,"Back Meat,Abdomen Meat,Belly Meat",Yes,People need to stop dumping in the river,,News ,,,,,,,,News and bait shops,Yes,Yes,,,,Internet ,Fishing sites,,,"Some fish may have more contaminants than others,Some fish are safer to eat than others,Pregnant women and women between age 15-44 should not eat fish that may have mercury",,No,,Probably not fisherman make mind up after catching fish and examining,,Yes,,,,,,,Definitely will do,Definitely will do,Definitely will do,Definitely not do,Definitely will do,Neutral,,"I like it fresh
Don’t eat catfish or bass",,,,,,50-59,Female,"High school diploma, or equivalent (for example, GED)",English,Nice meeting ya
47,TRUE,intercept,Brunswick,3:42,1/28/20,Yes,,,,,Yes,Yes,On,Off,On,On,Off,Off,Off,Off,Off,Off,Off,Off,Off,Off,Off,Off,Off,"red drum, black drum, spot, speckled trout",Yes,0,0,About 4 portions,1-3 meals,"Catch and release,Other",Give away too,Baked,,"Remove scales,Remove head,Remove skin,Remove fish organs,Fillet (only meat with no fat skin or bones)",,"Tail,Back Meat,Tail Meat,Abdomen Meat,Belly Meat",Yes,"Mercury , sewage ",,"Family or Friends,Other ",,,,,,,Wildlife officer,Seminar with local fishermen. They’d be happy to attend if it’s about water quality or fish. County arboretum. Or county natural resources dept. ,Yes,Yes,,,,Other,,Dept of wildlife resource.  ,Beaches like wrightsville. Kerr. Carolina. ,"Some fish may have more contaminants than others,Other ",Check what your eating ,Yes,,,"Southern kingfish, potentially change name. Not as common neither. ",Yes,,,,,,,Probably will do,Definitely will do,Probably will do,Definitely will do,Definitely will do,Definitely not do,,,,,,,Daniel Boone complex. Getting own food. Self sustainability. ,60 or older,Male,"Some college, no degree",English ,Concerned about sewage in water. 
43,TRUE,intercept,Snows cut ,4:26,12/11/20,Yes,,,,,Yes,Yes,Off,Off,Off,On,Off,Off,Off,Off,Off,Off,Off,Off,Off,Off,Off,Off,Off,"Black drum, red drum, sheepshead, croaker, blue fish",Yes,0,6 or more,More than 5 portions,More than 9 meals,,,"Grilled,Fried",,"Remove scales,Remove fish organs,Fillet (only meat with no fat skin or bones)",,"Tail,Back Meat,Tail Meat,Abdomen Meat,Belly Meat",Yes,Checks but nothing really. Checks for worms,,Other ,,,,,,,Fish Rules,"Tackle shop near Wrightsville beach, tackle shops",Yes,Yes,Yes,Stay away from high mercury fish,,Internet ,,,Fort Fischer. Wrightsville Beach in Bridge. Red man creek by Wilmington ,"Some fish may have more contaminants than others,Some fish are safer to eat than others",,Yes,,,Include size limits ,Yes,,,,,,,Definitely will do,Probably will do,Definitely will do,Definitely not do,Definitely will do,Definitely not do,,,,,,,Close and fresh fish. Want to know the source. ,30-39,Male,"Some college, no degree",English,
31,TRUE,intercept,River road,11:38,1/27/20,Yes,,,,,Yes,Yes,Off,Off,Off,Off,Off,Off,Off,Off,Off,Off,Off,Off,Off,Off,Off,Off,Off,"Red drum, speckled trout, flounder",Yes,0,1 to 3,About 1 portion,1-3 meals,Catch and release,,"Grilled,Other (explain):",Blackened ,Fillet (only meat with no fat skin or bones),,"Back Meat,Tail Meat,Abdomen Meat",Yes,"Fish population are low, hard to reproduce with limited fish. Health effects from chemicals. ",,Other ,,,,,,,Personal knowledge. ,Boat landings. ,Yes,Yes,Yes,"A little bit. Health reasons, good to know what’s In my body ",,Internet ,,,Snows cut ,Pregnant women and women between age 15-44 should not eat fish that may have mercury,,Yes,,,Red drum. ,Yes,,,,,,,Definitely will do,Definitely will do,Definitely will do,Definitely will do,Probably will do,Probably not do,,,,,,,,21-29,Male,"High school diploma, or equivalent (for example, GED)",English ,
41,TRUE,intercept,Snows cut,10:14,1/27/20,Yes,,,,,Yes,Yes,Off,Off,Off,Off,On,Off,Off,Off,Off,Off,Off,Off,Off,Off,Off,Off,Off,"speckled trout, black drum, red drum",Yes,1 to 3,1 to 3,About 2 portions,1-3 meals,Catch and release,,"Fried,Other (explain):",Sopa,"Remove scales,Remove head,Remove skin,Fillet (only meat with no fat skin or bones)",,"Back Meat,Tail Meat,Abdomen Meat",Yes,La basura contamina el río. Every time I see trash I pick it up,,Signs and Posters ,,,,,,Signs that say don’t leave trash,,"Radio in Spanish, hablar con personas",Yes,Yes,Yes,"Si hay una señal que dice no comer, no lo haria",,Health Clinic,,,,Other ,Por algunos pescados hay que leer avisos antes de comer,No,,When you get your permit you get all that info. Also he doesn’t know the name ps of all the fish,Emphasizing which not to eat,Yes,,,,,,,Probably will do,Probably will do,Neutral,Neutral,Probably will do,Definitely not do,,,,Algunos prefieren freir,,,Only if they’re all contaminated. Some more concerned than others,30-39,Male,"High school diploma, or equivalent (for example, GED)",Español ,Tratar de tener limpio los sitios que uno va a pescar para no tener problema con nadie. Con la ley. Botar basura
48,TRUE,intercept,BeLville park,1:17,1/19/20,Yes,,,,,Yes,Yes,Off,Off,Off,Off,Off,Off,Off,Off,Off,Off,Off,Off,Off,Off,Off,Off,Off,"Red drum, black drum, flounder",Yes,1 to 3,1 to 3,About 2 portions,1-3 meals,Other,Share with friends and family ,"Grilled,Fried,Other (explain):",Blackened ,Fillet (only meat with no fat skin or bones),,"Back Meat,Tail Meat,Abdomen Meat",Yes,"Cancer and health issues. Gen X , coal ash, dead fish kills",,"Other people that are fishing,Other ",,,,,,,Commercial fishermen that are out there alll the time ,Word of mouth ,No,,,,,,,,"Snows cut, wrightsville beach, NC wildlife ramp under bridge ","Some fish may have more contaminants than others,Some fish are safer to eat than others,Other ","Stop and check for contamination, where? ",Yes,,,"Red drum, black drum, flounder ?what about them. ",Yes,,,,,,,Neutral,Probably will do,Definitely will do,Definitely not do,Definitely will do,Probably will do,,,,,Like fresh fish and know where it’s from. And grocery store fish might add chemicals ,,Will stop if he knows what exact pollutions are in here ,50-59,Male,"High school diploma, or equivalent (for example, GED)",English,"When is more research gonna be done? They know these companies are here, and they should be the ones to do it. "
74,TRUE,intercept,river road park,4:30,11/8/20,Yes,,,,,Yes,Yes,Off,Off,Off,On,Off,Off,Off,Off,Off,Off,Off,Off,Off,Off,Off,Off,Off,,Yes,0,0,About 3 portions,1-3 meals,,,"Fried,Baked",,"Remove scales,Fillet (only meat with no fat skin or bones)",,"Tail,Back Meat,Tail Meat,Abdomen Meat,Belly Meat,Fish Organs",Yes,sewage. More salt now cuz its better,,"Internet ,Other ",,,,,,,license vendors,,Yes,Yes,No,,,Other,,news. Like genx,River road st Park and up and down stream,"Some fish may have more contaminants than others,Other ",fish variety,Yes,,,number to wildlife commission,Yes,,,,,,,Definitely will do,Probably will do,Probably will do,Definitely not do,Definitely will do,Definitely not do,,,,,,,been doing it for his whole life ,60 or older,Male,"Some college, no degree",english,
42,TRUE,intercept,River road,11:00,11/8/20,Yes,,,,,Yes,Yes,Off,Off,Off,Off,Off,Off,Off,Off,Off,Off,Off,Off,Off,Off,Off,Off,Off,,No,,,About 2 portions,4-6 meals,,,Fried,,"Remove scales,Remove fish organs,Fillet (only meat with no fat skin or bones)",,"Tail,Back Meat,Tail Meat,Abdomen Meat,Belly Meat,Fish Organs",No,,No se,News ,,,,,,,,"Televisión y radio. Radio la grande, El patrón",No,,,,,,,,Cure beach,Some fish may have more contaminants than others,,Yes,,,Traducción ,No,"Fish contaminants are stored in their fat,Other",,,,,Traduccion,Definitely will do,Definitely will do,Definitely will do,Neutral,Probably will do,Definitely not do,,,,,,,No because it’s a key part of diet,50-59,Male,Less than high school degree,Español,
53,TRUE,intercept,snows cut,12:00,11/8/20,Yes,,,,,Yes,Yes,Off,Off,Off,Off,Off,Off,Off,Off,Off,Off,Off,Off,Off,Off,Off,Off,Off,"Sheepshead, black drum, red drum, flounder",Yes,0,0,About 3 portions,1-3 meals,Catch and release,,Fried,,"Remove skin,Fillet (only meat with no fat skin or bones)",,"Back Meat,Tail Meat,Abdomen Meat",Yes,unsure whats in it...so thats why. Something is wrong with cfr,,"News ,Internet ",,,,,,,,tackle shops. Island bait and tackle. ,Yes,Yes,No,,"doesn't care. Worry about Kids.""Gonna die anyway""","Internet ,Health Clinic",,,"snows cut, Carolina beach inlet","Some fish are safer to eat than others,Other ",website was noticeable. ,No,,Nice but ppl do what they want to do. If he had family he'd be concerned. ,,Yes,,,,,,,Definitely not do,Definitely will do,Definitely will do,Definitely not do,Definitely will do,Definitely not do,,Does not,likes shrimp,,wants them fresh and local,,Wants local fresh fish,60 or older,Male,Bachelor degree,english,would like to know more about the whole deal with CFR
49,TRUE,intercept,Redneck beach,10:45,11/22/20,Yes,,,,,Yes,Yes,Off,Off,Off,Off,Off,Off,Off,Off,Off,On,Off,Off,Off,Off,Off,Off,Off,,Yes,1 to 3,1 to 3,About 2 portions,1-3 meals,Catch and release,,"Grilled,Other (explain):",Almost entirely catch and release,"Remove scales,Remove fat,Remove head,Remove skin,Remove fish organs,Fillet (only meat with no fat skin or bones)",,"Back Meat,Tail Meat,Abdomen Meat,Belly Meat",Yes,Down the river sewage discharge from norchase. Just knowing what’s on the river. A chemical plant producing chromium. Hog farms and chicken farms,,"Family or Friends,Other people that are fishing,Signs and Posters ,Other ",,,,,,,Work,Advisories and information when you get licens,Yes,Yes,Yes,Not very specific but they work,,Other,,Work and learning chrmicals.,,"Some fish are safer to eat than others,Other ",Catfish are bottom feeders,Yes,Especially tourists,,Sponsorship. Discount at cold stone or something,Yes,,,,,,,Probably will do,Probably will do,Probably will do,Probably will do,Probably not do,Probably will do,,,,,,Everybody wants fried catfish nuggets,,40-49,Male,Associate degree,English,Appreciate us doing this and working on this. Anything we can do to reduce pollution.
65,TRUE,intercept,Red near beach,10:30,11/22/20,Yes,,,,,No,,,,,,,,,,,,,,,,,,,,,,,,,,,,,,,,,,,,,,,,,,,,,,,,,,,,,,,,,,,,,,,,,,,,,,,,,,,,,,,,,,,
116,TRUE,intercept,Lock and dam,4:44,11/8/20,Yes,,,,,Yes,Yes,On,Off,On,On,On,On,On,On,Off,On,Off,Off,Off,Off,On,Off,On,,Yes,0,1 to 3,About 1 portion,4-6 meals,Catch and release,,"Grilled,Fried,Baked,Steamed,Smoked",,"Remove scales,Remove fat,Remove head,Remove skin,Remove fish organs,Fillet (only meat with no fat skin or bones)",,"Back Meat,Tail Meat,Abdomen Meat",Yes,Plastic and waste goes in.,,Other ,,,,,,,I see it,Through talking to other fishers,Yes,Yes,No,,Do my thing,"Health Clinic,Family/Friends",,,,Other ,Shrimps not a fish. Humans are the cause of the contamination ,,,,Distinguish more between salt fresh and both.,Yes,,,,,,,Definitely not do,Probably not do,Definitely will do,Definitely not do,Definitely not do,Definitely not do,Deep fry the fish to kill bacteria and get rid of contaminant ,,,,Trust myself more than grocery stores ,,,21-29,Male,"High school diploma, or equivalent (for example, GED)",English,You can see the pollution especially plástic and it’s impact on wildlife
161,TRUE,intercept,"Lock and da,",3:33,11/9/20,Yes,,,,,Yes,Yes,Off,Off,Off,On,Off,Off,Off,Off,Off,Off,Off,Off,Off,Off,Off,Off,Off,,Yes,0,0,About 2 portions,1-3 meals,Other,Share an old couple,Fried,,"Remove scales,Remove head,Remove skin,Remove fish organs,Fillet (only meat with no fat skin or bones)",,"Tail,Back Meat,Abdomen Meat,Belly Meat",No,,"Close to Wilmington, he’d be concerned (below the international paper plant)",Other people that are fishing,,,,,,,,,Yes,No,No,,,Other,,Stores or someone who works at international paper,Resize map,Pregnant women and women between age 15-44 should not eat fish that may have mercury,,Yes,,,,Yes,,,,,,,Probably will do,Definitely not do,Definitely will do,Probably will do,Probably will do,Probably will do,,,,,,,If it got extreme enough. Feels safe here above chem plant,40-49,Male,"High school diploma, or equivalent (for example, GED)",English,In army
176,TRUE,intercept,Carolina beach SP,12:00,11/9/20,Yes,,,,,No,,,,,,,,,,,,,,,,,,,,,,,,,,,,,,,,,,,,,,,,,,,,,,,,,,,,,,,,,,,,,,,,,,,,,,,,,,,,,,,,,,,
227,TRUE,intercept,river road,4:00,11/8/20,Yes,,,,,Yes,Yes,On,Off,Off,Off,Off,Off,Off,Off,Off,Off,Off,Off,Off,Off,Off,Off,Off,"blue fish, black drum",Yes,1 to 3,1 to 3,About 2 portions,1-3 meals,Catch and release,,"Fried,Baked",,Remove fish organs,,"Back Meat,Tail Meat,Abdomen Meat",Yes,pollution in river gets him worried,,"News ,Internet ",,,,,,,,,Yes,Yes,Yes,,,Health Clinic,,,,"Some fish may have more contaminants than others,Some fish are safer to eat than others,Other ",motto. Two different messages . To eat and to catch,No,,not sure,,Yes,,,,,,,Definitely not do,Definitely not do,Neutral,Probably will do,Probably will do,Definitely not do,,,,,,,good and reliable source of food,30-39,Male,Bachelor degree,english,
119,TRUE,intercept,Princess Place,13:00,1/26/20,Yes,,,,,Yes,Yes,Off,Off,Off,Off,Off,Off,Off,Off,Off,Off,Off,Off,Off,Off,Off,Off,Off,"Black drum, red drum, speckled trout",Yes,0,0,About 2 portions,1-3 meals,Other,Share fish with neighbors ,"Grilled,Fried",,Fillet (only meat with no fat skin or bones),,"Back Meat,Tail Meat,Abdomen Meat",Yes,Littering at fishing spots and water ,,Family or Friends,,,,,,,,Tackle shops,Yes,Yes,No,,Picky eater ,"Health Clinic,Family/Friends",,,"Princess Place, Carolina beach st park, snows cut ","Some fish may have more contaminants than others,Some fish are safer to eat than others,Other ",Got Tv news about fish contaminants ,Yes,Easy to remember content,,,Yes,,,,,,,Definitely will do,Definitely will do,Definitely will do,Probably will do,Definitely will do,Probably will do,,,,,,,,30-39,Male,"Some college, no degree",English,
148,TRUE,intercept,Snows cut,10:44,1/20/20,Yes,,,,,Yes,Yes,Off,Off,Off,On,Off,Off,Off,Off,Off,Off,Off,Off,Off,Off,Off,Off,Off,Red drum,Yes,0,1 to 3,About 2 portions,More than 9 meals,Catch and release,,"Fried,Baked",,"Remove scales,Remove fat,Remove head,Remove skin,Remove fish organs,Fillet (only meat with no fat skin or bones)",,"Back Meat,Tail Meat,Abdomen Meat,Belly Meat",Yes,"Don’t know what’s in water. Gasoline, genex",,Other ,,,,,,,Fisherman’s post. Distributed in bait shops and restaurants in the summer,,No,,,,,,,,,"Some fish may have more contaminants than others,Pregnant women and women between age 15-44 should not eat fish that may have mercury",,No,,If they’re gonna catch fish they’ll eat them,Add size limits and have it responsive to what you can keep,Yes,,,,,,,Probably will do,Probably will do,Neutral,Probably not do,Probably will do,Definitely not do,,,,,,,If the fish are here it free food,30-39,Male,"Some college, no degree",English,Good luck
230,TRUE,intercept,Snows cut,5:23,1/28/20,Yes,,,,,Yes,Yes,Off,Off,Off,Off,Off,On,Off,Off,Off,Off,Off,Off,Off,Off,Off,On,Off,,Yes,4 to 6,0,About 1 portion,1-3 meals,,,Fried,,Remove scales,,"Tail,Back Meat,Tail Meat,Abdomen Meat,Belly Meat,Fish Organs,Head",Yes,Que los peces están muriendo,,News ,,Channel 6,,,,,,No idea,No,,,,,,,,,Some fish may have more contaminants than others,,Yes,,,Cual no comer,No,Fish contaminants are stored in their fat,,Yes. Why?,,,Ya está bien,Probably will do,Probably will do,Probably not do,Probably will do,Probably will do,Probably not do,,,,,,,Hay que comer,30-39,Male,"High school diploma, or equivalent (for example, GED)",Español ,Compartir más 
28,TRUE,intercept,Snows cut,3:23,12/11/20,Yes,,,,,Yes,Yes,Off,Off,Off,Off,Off,Off,Off,Off,Off,Off,Off,Off,Off,Off,Off,Off,Off,"Chipre black and white, black drum, red drum",Yes,0,1 to 3,About 3 portions,More than 9 meals,"Catch and release,Other",Compartir,"Stewed,Grilled,Fried,Other (explain):","Ceviche con limon, parrillar con limon, estofado ","Remove scales,Remove head,Remove fish organs,Other (explain):","Limon para evitar bacteria, ","Tail,Back Meat,Tail Meat,Abdomen Meat,Belly Meat,Fish Organs,Head",Yes,"Bacteria, salmonela, but ceviche helps",,News ,,Local channel 26.1. Local tv not cable,,,,,,,No,,,,,,,,,Other ,,Yes,,,Jaiba,Yes,,,,,,,Probably not do,Probably will do,Probably will do,Probably not do,Probably not do,,,"Fish is fish, ",,,Muy caro,Freír es facil,"Es gratis, una manera de relajar",50-59,Male,Less than high school degree,"Español, but his kids speak English ",Me encanto la pesca
69,TRUE,intercept,Belville,,,Yes,,,,,Yes,Yes,Off,Off,Off,Off,Off,Off,Off,Off,Off,Off,Off,Off,Off,Off,Off,Off,Off,"Speckled trout, gar, black drum",Yes,1 to 3,1 to 3,About 1 portion,1-3 meals,Catch and release,,"Baked,Other (explain):",Cast iron skillet,"Remove scales,Remove fat,Remove head,Remove skin,Remove fish organs,Fillet (only meat with no fat skin or bones)",,Back Meat,Yes,Mercury and lead . Fish eating trash and parasites. ,,Internet ,,,Tide table website,,,,,Social media. Bait shops. Word of mouth. Academy. ,Yes,Yes,Yes,Taking no chances. ,,Health Clinic,,,,Some fish are safer to eat than others,,Yes,Yes. Add this to license purchases. ,,Add it to license purchases. ,Yes,,,,,,,Definitely will do,Definitely will do,Definitely will do,Neutral,Neutral,Probably not do,,,,,,,,30-39,Male,"Some college, no degree",English; sometimes korean,
170,TRUE,intercept,River road park,2:29,12/10/20,Yes,,,,,Yes,Yes,Off,Off,On,Off,Off,Off,Off,Off,Off,Off,Off,Off,Off,Off,Off,Off,Off,"Black drum, red drum, sheepshead, speckled trout, whiting",Yes,1 to 3,1 to 3,About 2 portions,4-6 meals,Catch and release,,"Fried,Steamed,Other (explain):",Broil,"Remove scales,Remove head,Remove fish organs",,"Back Meat,Tail Meat,Abdomen Meat,Belly Meat",Yes,Contamination. Dumping in water. Not just trash,,"Other people that are fishing,News ,Internet ,Other ",,,,,,,Magazines,Bait shops. ,Yes,Yes,Yes,If posted yes,,Health Clinic,,,Belville ,"Some fish may have more contaminants than others,Some fish are safer to eat than others,Pregnant women and women between age 15-44 should not eat fish that may have mercury",,Yes,,,,Yes,,,,,,,Neutral,Definitely will do,Probably will do,Probably will do,Definitely will do,Probably will do,,,,,,,,60 or older,Female,Associate degree,English ,Fishing is good for you. Relaxing and stress free. 
212,TRUE,intercept,Carolina beach state park,5:00,1/27/03,Yes,,,,,Yes,Yes,Off,Off,Off,Off,Off,Off,Off,Off,Off,Off,Off,Off,Off,Off,Off,Off,Off,"Speckled trout, flounder, red drum, black drum",Yes,1 to 3,0,About 1 portion,1-3 meals,Catch and release,,Fried,,"Remove scales,Remove head,Remove skin,Remove fish organs,Fillet (only meat with no fat skin or bones)",,"Back Meat,Tail Meat,Abdomen Meat,Belly Meat",Yes,Sewage outlet at wrightsville beach. And genex,,News ,,,,,,,,Word of mouth and internet,No,,,,,,,,Curry beach,Other ,I would think they’re all polluted the same,,,,Writing is small,Yes,,,,,,,Probably will do,Probably will do,Probably will do,Neutral,Probably not do,,,,,,,I don’t see what the difference would be,If the news said so,50-59,Male,Associate degree,English,Going further up the river
250,TRUE,intercept,Snows cut,2:44,1/27/03,Yes,,,,,Yes,Yes,On,Off,Off,Off,Off,Off,Off,Off,Off,Off,Off,Off,Off,Off,Off,Off,Off,Mojarra,Yes,1 to 3,1 to 3,About 1 portion,1-3 meals,Catch and release,,Fried,,"Remove scales,Remove head,Remove skin,Remove fish organs,Fillet (only meat with no fat skin or bones)",,"Back Meat,Tail Meat",Yes,"Dead fish, plastic trash",,Family or Friends,,,,,,,,No se,Yes,Yes,No,,Only on tv did they see that there’s a type of fish not to eat,Health Clinic,,,,Some fish may have more contaminants than others,,No,,,"Make the images bigger, combine the pages with fish to eat and not to",Yes,,,,,,,,,,,,,,,,,,,,21-29,Male,,Español,
289,TRUE,intercept,Princess place,2:30,11/22/20,Yes,,,,,Yes,Yes,Off,Off,Off,Off,Off,Off,Off,Off,Off,Off,Off,On,Off,Off,On,Off,Off,,Yes,1 to 3,1 to 3,About 1 portion,1-3 meals,Catch and release,,"Fried,Other (explain):",Flour and cornmeal in hot grease,"Remove scales,Remove head,Remove fish organs",,"Back Meat,Tail Meat,Abdomen Meat,Belly Meat",Yes,Concerned but doesn’t know what to think.,,Other people that are fishing,,,,,,,,,No,,,,,,,,,Other ,Striped mullet run,Yes,,,"Should have periodic updates.
What does stop and check mean?",Yes,,,,,,,Probably not do,Probably not do,Definitely will do,Probably will do,Probably not do,Probably not do,,People will eat what they are going to eat,Same as above,,After the storm people knew not to eat,People prepare it how they are used to,"Unless something major happens, people will keep eating fish from the river and creek",50-59,Male,"Some college, no degree",English,What we’re doing is important for the environment and for the people. People only learn not to fish if people die. We need science to forewarn us.
339,TRUE,intercept,River road,4:15,11/22/20,Yes,,,,,Yes,Yes,Off,Off,Off,Off,Off,Off,Off,Off,Off,On,Off,Off,Off,Off,Off,Off,Off,"Red drum, speckled trout, whiting, croaker, Blue fish",Yes,0,0,About 2 portions,4-6 meals,Catch and release,,"Grilled,Baked,Smoked",,"Remove scales,Remove fat,Remove head,Remove skin,Remove fish organs,Fillet (only meat with no fat skin or bones)",,"Back Meat,Tail Meat,Abdomen Meat",Yes,Sometimes. Striped bass. No complaints about taste,,"Family or Friends,Other people that are fishing",,,,,,,,sea view,Yes,Yes,No,,Not really. Taste matters. If taste bad then not eat ,"Internet ,Family/Friends",,,I Intercostal waters. Mouth of river,"Some fish may have more contaminants than others,Other ",Stop and check,Yes,,,Nothing . Striped bass you can’t keep anyway,Yes,,,,,,,Definitely will do,Definitely will do,Definitely will do,Definitely not do,Definitely will do,Definitely not do,,,,,Likes fresh fish ,,,40-49,Male,"Some college, no degree",English,
376,TRUE,intercept,Brunswick,11:45,1/27/03,Yes,,,,,Yes,Yes,Off,Off,Off,Off,On,Off,On,Off,On,Off,Off,Off,On,Off,Off,Off,Off,,Yes,0,0,About 5 portions,1-3 meals,Catch and release,,"Grilled,Fried",,"Remove scales,Remove head,Remove skin,Remove fish organs,Fillet (only meat with no fat skin or bones),Other (explain):",Butterfly it and grill it with onions,"Tail,Back Meat,Tail Meat,Abdomen Meat,Belly Meat",,,,Internet ,,,,,,,,Word. Mouth,Yes,No,No,,No beacuse he just cooks it well,"Internet ,Other",,Healthdept,,Some fish are safer to eat than others,,Yes,,,"Add crawfish, add croakers, add black drum and sheepshead",Yes,,,,,,,Probably not do,Probably will do,Probably will do,Probably will do,Probably will do,Definitely not do,,,,,,,People have been doing it their whole lives. You kill it you eat it,21-29,Male,"High school diploma, or equivalent (for example, GED)",English,Fillet on the card. Put it at bait shops and grocery stores. Also around Southport . Keep talking to people
416,TRUE,intercept,River road park,2:30,12/10/20,Yes,,,,,Yes,Yes,Off,Off,Off,Off,Off,Off,Off,Off,Off,Off,Off,Off,Off,Off,Off,Off,Off,"Red drum, croaker, blue fish, gray fish",Yes,0,0,About 4 portions,1-3 meals,"Catch and release,Other",Cut up shad for bait,"Grilled,Fried,Other (explain):",Grill with wood chips,"Remove scales,Remove head,Remove fish organs",,"Back Meat,Tail Meat,Abdomen Meat,Belly Meat",No,,Not concerned because doesn’t eat many fish. Bottom feeders are bad,"News ,Government ,Other ",,Carolina outdoor (tv program),,,Nc dept of wildlife,,fishing magazine available at store that sells licenses. Also people buy licenses online,Post at dock (behind glass),Yes,Yes,No,,No because going after particular fish that the signs don’t talk about,Other,,"Postings on dock, fishing magazine cautions",Roanoke rapids,Other ,"Interesting that striped bass is on there. Wouldn’t think high levels of mercury, disturbing to see blue crab. ",Yes,,,Write cape fear river on top more clearly,Yes,,,,,,,Probably not do,Probably not do,Probably not do,Probably will do,Probably not do,Neutral,,"Recent immigrants don’t yet understand regulations or what’s safe vs, not. Also maybe don’t care","Kingfish looked good. People don’t like shad or spot or bluegill. Shrimp is alright, so are specks.",People just do what’s easy.,,"Probably not, frying is easy","With enough warnings, though. Retain communities would not listen or bother",60 or older,Male,Bachelor degree,English,Glad we’re doing it
469,TRUE,intercept,Snows cut,4:30,12/11/20,Yes,,,,,Yes,Yes,Off,Off,Off,On,Off,Off,Off,Off,Off,Off,Off,Off,Off,Off,Off,Off,Off,"Spot, red drum, black drum, croaker, pig fish, sheepshead, blue fish, sand perch",Yes,6 or more,4 to 6,About 1 portion,1-3 meals,"Catch and release,Other","Share it, use for bait","Fried,Baked",,"Remove scales,Remove head,Remove fish organs",,"Tail,Back Meat,Tail Meat,Abdomen Meat,Belly Meat",No,,I’m alright after drinking the genex for 30 years ,"News ,Other ",,,,,,,The internet,"Johnny Mercer pier, curry beach pier, state, signs or wallet, ",Yes,Yes,Yes,,,"Internet ,Other",,News,"Solomon towers, chamber of commerce, love grove","Some fish may have more contaminants than others,Other ",Don’t eat too many of the same ,Yes,Especially people that don’t know about mercury,,Include more brackish,Yes,,,,,,,Definitely not do,Probably will do,Probably will do,Probably will do,Probably will do,Definitely not do,,People have preferences for fish,,,,,No matter where they go there will still find fish from river,30-39,Male,"High school diploma, or equivalent (for example, GED)",English,Nope
508,TRUE,intercept,Belleville Park,10:11,11/23/20,Yes,,,,,Yes,Yes,Off,Off,On,Off,Off,Off,Off,Off,Off,Off,Off,Off,Off,Off,Off,Off,Off,"Speckled trout, black drum",Yes,0,0,About 2 portions,1-3 meals,Catch and release,,"Grilled,Other (explain):",Already spiced with genes,"Remove scales,Remove head,Remove skin,Remove fish organs,Fillet (only meat with no fat skin or bones),Other (explain):",Every once in a while pan fry whole fish no head,"Back Meat,Tail Meat,Abdomen Meat,Belly Meat,Fish Organs",Yes,Very aware of pollution. Concerned that government allows corporations to get away with it.,,"News ,Internet ,Other ",,,,,,,,Online is good,Yes,,Yes,Coming from New York you only want to eat one fish a month. Still learning down here. Thinks it’s pretty bad here ,,Internet ,,,,"Some fish are safer to eat than others,Pregnant women and women between age 15-44 should not eat fish that may have mercury",,Yes,,,,Yes,,,,,,,Neutral,Probably will do,Probably will do,Probably will do,Neutral,Neutral,,,,,,People like their cooking methods,,60 or older,Male,Associate degree,English,Good work
542,TRUE,intercept,Carolina beach sp,4:30,11/23/20,Yes,,,,,Yes,Yes,Off,Off,Off,Off,Off,Off,Off,Off,Off,Off,Off,Off,Off,Off,Off,Off,Off,"Flounder, speckled trout, red drum, black drum",No,,,About 2 portions,1-3 meals,Catch and release,,"Fried,Smoked",,"Remove scales,Remove skin",,"Back Meat,Tail Meat,Belly Meat",No,,Don’t buy into it.,"Other people that are fishing,Internet ",,,,,,,,Bait shop,Yes,Yes,No,,Don’t read a whole lot of it,Health Clinic,,,,Other ,Good public advisory ,Yes,,,,Yes,,,,,,,Probably will do,Definitely will do,Definitely will do,Definitely will do,Definitely will do,Probably not do,,,,,,,,50-59,Male,,English,
594,TRUE,intercept,Snows cut,3:45,12/11/20,Yes,,,,,Yes,Yes,On,Off,On,On,Off,Off,Off,Off,Off,Off,Off,Off,Off,Off,Off,Off,Off,"Black drum, red drum, sheepshead, flounder",Yes,0,6 or more,About 1 portion,1-3 meals,Catch and release,,"Fried,Baked",,"Remove scales,Remove fat,Remove head,Remove skin,Remove fish organs,Fillet (only meat with no fat skin or bones)",,"Back Meat,Tail Meat,Abdomen Meat",Yes,,,News ,,,,,,,,Bait shops,No,,,,,,,,Snows cut,Some fish are safer to eat than others,,Yes,,,Post more of it around the river. ,Yes,,,,,,,Definitely will do,Definitely will do,Definitely will do,Probably will do,Definitely will do,Definitely not do,,,,,,,Good source of food,60 or older,Female,"High school diploma, or equivalent (for example, GED)",English ,
626,TRUE,intercept,Brunswick river,3:02,1/25/20,Yes,,,,,Yes,Yes,Off,Off,On,Off,Off,Off,On,Off,Off,Off,Off,Off,Off,Off,Off,Off,Off,,Yes,0,1 to 3,About 2 portions,1-3 meals,Catch and release,,Fried,,Fillet (only meat with no fat skin or bones),,"Back Meat,Tail Meat,Abdomen Meat",Yes,"Trash, and oil",,"News ,Internet ",,,,,,,,Facebook follow cape fear river watch,No,,,,,,,,Black river,Other ,Saltwater fish safe to eat except catch fish. Catfish everyone knows have lots of mercury,Yes,,,"For the stop and check fish what to look for, what are the high contaminants?",Yes,,,,,,,Probably will do,Probably will do,Probably will do,Probably will do,Probably will do,Definitely not do,,,,,,,Way of life,30-39,Male,"High school diploma, or equivalent (for example, GED)",English,"Glad there’s people out here working in the environment, being outside is my favorite thing to do, we have to take care of it."
24,TRUE,intercept,River road park,3:26,1/19/20,Yes,,,,,Yes,Yes,Off,Off,Off,Off,Off,Off,Off,Off,Off,Off,Off,Off,Off,Off,Off,Off,Off,"Speckled trout, red drum",No,,,About 2 portions,1-3 meals,Catch and release,,Fried,,Fillet (only meat with no fat skin or bones),,"Back Meat,Tail Meat,Abdomen Meat",Yes,Genex,,"News ,Schools ",,,,,,,,"YouTube, fishbrain",No,,,,,,,,,"Some fish may have more contaminants than others,Some fish are safer to eat than others,Pregnant women and women between age 15-44 should not eat fish that may have mercury",,No,,Upon getting info don’t need card,,Yes,,,,,,,Definitely will do,Definitely will do,Definitely will do,Definitely will do,Probably will do,Definitely will do,,,,,,,,18-20,Male,"High school diploma, or equivalent (for example, GED)",English,
28,FALSE,intercept,,,,,,,,,,,,,,,,,,,,,,,,,,,,,,,,,,,,,,,,,,,,,,,,,,,,,,,,,,,,,,,,,,,,,,,,,,,,,,,,,,,,,,,,,,,,
10,FALSE,intercept,,,,,,,,,,,,,,,,,,,,,,,,,,,,,,,,,,,,,,,,,,,,,,,,,,,,,,,,,,,,,,,,,,,,,,,,,,,,,,,,,,,,,,,,,,,,
41,FALSE,intercept,Redneck,10:00,2/10/20,,,,,,,,,,,,,,,,,,,,,,,,,,,,,,,,,,,,,,,,,,,,,,,,,,,,,,,,,,,,,,,,,,,,,,,,,,,,,,,,,,,,,,,,,
2238,TRUE,intercept,River road,11:38,2/22/20,Yes,,,,,Yes,Yes,On,Off,On,On,On,Off,Off,Off,Off,On,Off,Off,Off,Off,Off,Off,Off,,Yes,,1 to 3,About 3 portions,1-3 meals,Catch and release,,Fried,,"Remove head,Remove skin,Remove fish organs,Fillet (only meat with no fat skin or bones)",,"Back Meat,Tail Meat,Abdomen Meat",Yes,"Worried about shit pumping plants, dumping raw sewage. Smith creek Hewlett-Packard creek. ",,"Other people that are fishing,Bait and Fishing Shops ,News ,Internet ",,"Morningstar, google for waste entering smith creek",,,,,,Talk to people,No,,,,,,,,Eagle island bait shop on 421. Talk to people there,Other ,The safest ones are saltymp,Yes,For people not from around here this would be useful.,,"Get more freshwater fish on there
Get crappie on there
Get flounder on there opening in next few months?",Yes,,,,,,,Definitely will do,Probably will do,Probably not do,Probably will do,Probably not do,,,,,,,Don’t think you can cook pollutants out,If it’s bad enough. People stopped fishing at smith creek,40-49,Male,"Some college, no degree",English,
1646,TRUE,intercept,Snows cut,2:10,2/23/20,Yes,,,,,Yes,Yes,Off,Off,Off,Off,Off,Off,Off,Off,Off,On,Off,Off,Off,Off,Off,Off,Off,"Black drum, red drum, Red snapper, Speckled trout, Spot, Croaker, Sheepshead",Yes,0,6 or more,About 3 portions,More than 9 meals,Other,Give away free. Neighbors family friends. ,"Fried,Baked",,"Remove scales,Remove head,Remove fish organs",,"Back Meat,Tail Meat,Abdomen Meat",Yes,Water quality pollution concerns. ,,Other ,,,,,,,Trust yourself. Experience. ,Personal experience to get info. ,No,,,,,,,,,Other ,Freshwater. Comment on blue crabs. ,Yes,If they don’t know. Experienced angler should know what to eat. ,,Freshwater fish not as applicable.,Yes,,,,,,,Probably not do,Probably not do,Probably will do,Definitely not do,Definitely not do,Probably not do,,,,,Fresh fish preference. ,,,60 or older,Male,"High school diploma, or equivalent (for example, GED)",English,Everything messed up. Man has dominion over the earth. Water color has changed. 
6106,TRUE,intercept,Snows cut,1:47,2/22/20,Yes,,,,,Yes,Yes,Off,Off,Off,Off,Off,Off,Off,Off,Off,Off,Off,Off,Off,Off,Off,Off,Off,"La chipa, Red drum, Black drum",Yes,0,1 to 3,About 1 portion,1-3 meals,Catch and release,,"Stewed,Fried,Baked,Boiled",,"Fillet (only meat with no fat skin or bones),Other (explain):",A veces piel y cabeza,"Back Meat,Tail Meat,Abdomen Meat,Belly Meat,Fish Organs,Head",Yes,In the freshwater he’s worried,,Internet ,,,,,,,,Que tengan cuidado y laven bien. Radio. Videos.,Yes,Yes,Yes,,,Health Clinic,,,,Other ,Can’t read,No,,,Más visual,Yes,,,,,,,Probably not do,Probably not do,Neutral,Probably will do,Probably not do,Definitely not do,,People eat what they catch,People eat what they catch,If frying not getting rid of skin,,Frying is easy,No. Easier to quit eating McDonald’s ,50-59,Male,Less than high school degree,Español ,
4799,TRUE,intercept,Belville,,,Yes,,,,,Yes,Yes,Off,Off,Off,Off,Off,Off,Off,Off,Off,Off,Off,Off,Off,Off,Off,Off,Off,"Red drum, Black drum, Spot, Pig fish, croaker, Speckled trout",Yes,0,0,About 1 portion,4-6 meals,Catch and release,,"Fried,Baked",,"Remove head,Remove skin,Remove fish organs,Other (explain):","Stuff with shrimp, crab, red pepper, yellow ","Back Meat,Tail Meat,Abdomen Meat,Belly Meat",Yes,Upriver from here 5eres genex so they don’t eat the fish,,"Other people that are fishing,News ",,,,,,,,"If we can get signs, that’s best",No,,,,,,,,,Other ,Catfish and blue crab are scavengers,No,,We eat what we catch,Striped bass you can’t catch anyways,Yes,,,,,,,Neutral,Neutral,Neutral,Probably not do,Neutral,Probably will do,,Catfish are what people want to catch,Some people come to eat what they want but will follow signs,Fillet for bigger fish. Not for little ones,Some people do,He does bake,People will follow signs,60 or older,Male,Associate degree,English,Good luck to you
2403,TRUE,intercept,Redneck beach,2:12,3/1/20,Yes,,,,,Yes,Yes,Off,Off,On,Off,Off,Off,Off,Off,Off,Off,Off,On,Off,Off,Off,Off,Off,,Yes,0,1 to 3,About 1 portion,1-3 meals,Catch and release,,"Fried,Baked",,"Remove scales,Remove head,Fillet (only meat with no fat skin or bones)",,"Tail,Back Meat,Tail Meat,Abdomen Meat",Yes,Coal ash and gen x. Gen x been around for a while. Since 1970s,,"Other people that are fishing,News ,Other ",,,,,,,Personal experience ,Bait shops. Walmart. Rural people drawn in,Yes,Yes,Yes,Somewhat. In a way cuz she doesn’t eat them every day. ,,Health Clinic,,,,"Some fish may have more contaminants than others,Some fish are safer to eat than others",,Yes,People with kids probs will. ,,,Yes,,,,,,,Probably not do,Probably not do,Definitely will do,Definitely not do,Probably will do,Probably will do,,,,,Fresh fish preference. ,,,50-59,Female,Less than high school degree,English,"Channel 6, WCT reporter. Young guy would like to do story. "
10029,TRUE,intercept,Redneck,2:00,3/1/20,Yes,,,,,Yes,Yes,On,Off,On,On,On,Off,On,Off,Off,On,Off,On,Off,Off,On,On,Off,,Yes,0,0,About 3 portions,4-6 meals,Catch and release,,Fried,,"Remove scales,Remove head,Remove fish organs,Other (explain):",Soak in sea salt water 24 hours. Takes fish taste out,"Back Meat,Tail Meat,Abdomen Meat,Belly Meat",Yes,Black spots on the skin. Doesn’t know what it is,,Other ,,,,,,,"He just knows, looks unsafe",Fisherman’s.com. Has weather could also have advisor,Yes,Yes,No,,Catfish there’s no limit on what you can eat,Internet ,Fisherman’s guide,,,Other ,Where I can call,Yes,,,"More pictures of different kinds of fish, publicize",Yes,,,,,,,Definitely not do,Probably not do,Probably will do,Probably not do,Probably not do,Definitely not do,,He likes them,If they’re big enough. Otherwise bait. These are all bait!,,Tastes better fresh from river,Frying does the same thing to remove contaminants. His is at 400,People like it,60 or older,Male,"High school diploma, or equivalent (for example, GED)",English,Main concern is about sewage. Needs to stop. Poison going in to river needs to stop.
778562,TRUE,online,online,9:26,11/22/19,Yes,,,,,No,,,,,,,,,,,,,,,,,,,,,,,,,,,,,,,,,,,,,,,,,,,,,,,,,,,,,,,,,,,,,,,,,,,,,,,,,,,,,,,,,,,
616812,FALSE,online,online,12:27,11/27/19,Yes,,,,,,,,,,,,,,,,,,,,,,,,,,,,,,,,,,,,,,,,,,,,,,,,,,,,,,,,,,,,,,,,,,,,,,,,,,,,,,,,,,,,,,,,
2725,TRUE,online,online,14:51,12/4/19,Yes,,,,,No,,,,,,,,,,,,,,,,,,,,,,,,,,,,,,,,,,,,,,,,,,,,,,,,,,,,,,,,,,,,,,,,,,,,,,,,,,,,,,,,,,,
17293,FALSE,online,online,13:35,12/17/19,Yes,,,,,,,,,,,,,,,,,,,,,,,,,,,,,,,,,,,,,,,,,,,,,,,,,,,,,,,,,,,,,,,,,,,,,,,,,,,,,,,,,,,,,,,,
111,TRUE,online,online,12:48,1/22/20,Yes,"Website (if so, which website?)",Capefearriverwatch.com,,,No,,,,,,,,,,,,,,,,,,,,,,,,,,,,,,,,,,,,,,,,,,,,,,,,,,,,,,,,,,,,,,,,,,,,,,,,,,,,,,,,,,,
8,TRUE,online,online,14:01,1/22/20,No,,,,,,,,,,,,,,,,,,,,,,,,,,,,,,,,,,,,,,,,,,,,,,,,,,,,,,,,,,,,,,,,,,,,,,,,,,,,,,,,,,,,,,,,
391,TRUE,online,online,17:44,1/22/20,Yes,"Website (if so, which website?)",Cape Fear River Watch,,,No,,,,,,,,,,,,,,,,,,,,,,,,,,,,,,,,,,,,,,,,,,,,,,,,,,,,,,,,,,,,,,,,,,,,,,,,,,,,,,,,,,,
33,FALSE,online,online,13:33,1/29/20,Yes,,,,,,,,,,,,,,,,,,,,,,,,,,,,,,,,,,,,,,,,,,,,,,,,,,,,,,,,,,,,,,,,,,,,,,,,,,,,,,,,,,,,,,,,
45,FALSE,online,online,14:38,1/29/20,Yes,,,,,,,,,,,,,,,,,,,,,,,,,,,,,,,,,,,,,,,,,,,,,,,,,,,,,,,,,,,,,,,,,,,,,,,,,,,,,,,,,,,,,,,,
101,TRUE,online,online,14:59,1/29/20,Yes,Other (explain):,,,Email,No,,,,,,,,,,,,,,,,,,,,,,,,,,,,,,,,,,,,,,,,,,,,,,,,,,,,,,,,,,,,,,,,,,,,,,,,,,,,,,,,,,,
153,TRUE,online,online,14:40,1/31/20,Yes,Other (explain):,,,Newsletter CFRW,No,,,,,,,,,,,,,,,,,,,,,,,,,,,,,,,,,,,,,,,,,,,,,,,,,,,,,,,,,,,,,,,,,,,,,,,,,,,,,,,,,,,
12,FALSE,online,online,13:15,2/4/20,Yes,,,,,,,,,,,,,,,,,,,,,,,,,,,,,,,,,,,,,,,,,,,,,,,,,,,,,,,,,,,,,,,,,,,,,,,,,,,,,,,,,,,,,,,,
32,TRUE,online,online,15:50,2/5/20,Yes,,,,,No,,,,,,,,,,,,,,,,,,,,,,,,,,,,,,,,,,,,,,,,,,,,,,,,,,,,,,,,,,,,,,,,,,,,,,,,,,,,,,,,,,,
37,FALSE,online,online,16:28,2/5/20,Yes,,,,,,,,,,,,,,,,,,,,,,,,,,,,,,,,,,,,,,,,,,,,,,,,,,,,,,,,,,,,,,,,,,,,,,,,,,,,,,,,,,,,,,,,
3933,TRUE,online,online,19:32,2/12/20,Yes,Other (explain):,,,Cape Fear River Watch,No,,,,,,,,,,,,,,,,,,,,,,,,,,,,,,,,,,,,,,,,,,,,,,,,,,,,,,,,,,,,,,,,,,,,,,,,,,,,,,,,,,,
80,TRUE,online,online,21:26,2/12/20,Yes,"Website (if so, which website?)",Cape Fear river watch ,,,No,,,,,,,,,,,,,,,,,,,,,,,,,,,,,,,,,,,,,,,,,,,,,,,,,,,,,,,,,,,,,,,,,,,,,,,,,,,,,,,,,,,
550,TRUE,online,online,15:54,2/13/20,Yes,Other (explain):,,,Cape Fear River Watch nonprofit ,No,,,,,,,,,,,,,,,,,,,,,,,,,,,,,,,,,,,,,,,,,,,,,,,,,,,,,,,,,,,,,,,,,,,,,,,,,,,,,,,,,,,
153,TRUE,online,online,14:58,2/20/20,Yes,"Website (if so, which website?)",,,,No,,,,,,,,,,,,,,,,,,,,,,,,,,,,,,,,,,,,,,,,,,,,,,,,,,,,,,,,,,,,,,,,,,,,,,,,,,,,,,,,,,,
265,TRUE,online,online,13:42,2/26/20,Yes,"Website (if so, which website?)",CFRW,,,No,,,,,,,,,,,,,,,,,,,,,,,,,,,,,,,,,,,,,,,,,,,,,,,,,,,,,,,,,,,,,,,,,,,,,,,,,,,,,,,,,,,
49,TRUE,online,online,14:02,2/26/20,Yes,"Website (if so, which website?)",Cape Fear Riverwatch email,,,No,,,,,,,,,,,,,,,,,,,,,,,,,,,,,,,,,,,,,,,,,,,,,,,,,,,,,,,,,,,,,,,,,,,,,,,,,,,,,,,,,,,
278,TRUE,online,online,14:53,2/26/20,Yes,"Website (if so, which website?)",Cape Fear River Watch (cfrw.us),,,No,,,,,,,,,,,,,,,,,,,,,,,,,,,,,,,,,,,,,,,,,,,,,,,,,,,,,,,,,,,,,,,,,,,,,,,,,,,,,,,,,,,
64,TRUE,online,online,21:26,2/26/20,Yes,Other (explain):,,,An email was sent to me,No,,,,,,,,,,,,,,,,,,,,,,,,,,,,,,,,,,,,,,,,,,,,,,,,,,,,,,,,,,,,,,,,,,,,,,,,,,,,,,,,,,,
38,TRUE,online,online,11:10,2/27/20,Yes,"Website (if so, which website?)",facebook,,,No,,,,,,,,,,,,,,,,,,,,,,,,,,,,,,,,,,,,,,,,,,,,,,,,,,,,,,,,,,,,,,,,,,,,,,,,,,,,,,,,,,,
499,FALSE,online,online,17:15,3/1/20,Yes,,,,,,,,,,,,,,,,,,,,,,,,,,,,,,,,,,,,,,,,,,,,,,,,,,,,,,,,,,,,,,,,,,,,,,,,,,,,,,,,,,,,,,,,
9,FALSE,online,online,14:03,3/3/20,Yes,,,,,,,,,,,,,,,,,,,,,,,,,,,,,,,,,,,,,,,,,,,,,,,,,,,,,,,,,,,,,,,,,,,,,,,,,,,,,,,,,,,,,,,,
82,FALSE,online,online,14:35,3/4/20,Yes,,,,,,,,,,,,,,,,,,,,,,,,,,,,,,,,,,,,,,,,,,,,,,,,,,,,,,,,,,,,,,,,,,,,,,,,,,,,,,,,,,,,,,,,
31,FALSE,online,online,16:47,3/4/20,Yes,,,,,,,,,,,,,,,,,,,,,,,,,,,,,,,,,,,,,,,,,,,,,,,,,,,,,,,,,,,,,,,,,,,,,,,,,,,,,,,,,,,,,,,,
7538,FALSE,online,online,8:17,3/8/20,Yes,,,,,,,,,,,,,,,,,,,,,,,,,,,,,,,,,,,,,,,,,,,,,,,,,,,,,,,,,,,,,,,,,,,,,,,,,,,,,,,,,,,,,,,,
598692,FALSE,online,online,15:48,3/10/20,Yes,,,,,Yes,Yes,Off,Off,Off,Off,Off,Off,Off,Off,Off,Off,Off,Off,Off,Off,Off,Off,Off,,"Yes, I share it with others",3-Jan,3-Jan,,,,,,,,,,,,,,,,,,,,,,Yes,,,,,,,,,,,,,,,,,,,,,,,,,,,,,,,,,,,,,,,
54,TRUE,online,online,10:47,3/20/20,Yes,"Website (if so, which website?)",Cape Fear Ricer Watch ,,,Yes,Yes,Off,Off,Off,Off,Off,Off,Off,Off,Off,Off,Off,Off,Off,Off,Off,Off,Off,"Flounder, spot, whiting, croaker",Yes,1 to 3,1 to 3,About 2 portions,1-3 meals,,,Fried,,"Remove scales,Remove head,Remove fish organs",,"Tail,Back Meat,Tail Meat,Abdomen Meat,Belly Meat",Yes,"Poision fish, toxins in fish",,"Family or Friends,News ,Internet ,Other ",,Tv local,Science ,,,,Own research,"Local media including internet, facebook, etc.  Governors statement would be authoritative.  However some of us love fish and love to fish and ignore the risk",Yes,Yes,Yes,Because of the risk,,"Internet ,Church,Family/Friends","Epa, fisheries division, state of nc",,Beaches and piers,"Some fish may have more contaminants than others,Some fish are safer to eat than others,Pregnant women and women between age 15-44 should not eat fish that may have mercury,Other ",We have a problem,Yes,Maybe.   May check it ,,How do you check for it? ,Yes,,,,,,,Probably not do,Probably will do,Probably will do,Probably not do,Probably will do,Probably not do,Limit the fish I eat. From there.  ,People like to eat these,May eat these,,It is not as fresh and is more expensive,Somebfish are better fried.  ,I always check for visible signs of defects on fish and never eat these,60 or older,Female,Bachelor degree,Wnglish,"If fish in our area are indicated as unsafe (which all of them probably are because of the gen-x and pollutants), it would hurt the economy and big business. They are number one, not the people."
34,TRUE,online,online,10:49,3/20/20,Yes,"Website (if so, which website?)",cape fear river watch,,,Yes,Yes,Off,Off,Off,Off,Off,Off,Off,Off,Off,Off,Off,Off,Off,Off,Off,Off,Off,speckled trout,Yes,0,1 to 3,About 1 portion,1-3 meals,,,"Grilled,Fried,Baked,Smoked",,"Remove scales,Remove fat,Remove head,Remove skin,Remove fish organs,Fillet (only meat with no fat skin or bones)",,"Back Meat,Tail Meat,Abdomen Meat",Yes,I had kidney cancer at age 39. I ,,"Family or Friends,Bait and Fishing Shops,News ,Internet ,Government ,Signs and Posters ",tex's tackle,wilmington newspaper,NC wildlife resources commission,,state,boat ramps,,"newspaper, bait shops, NC wildlife resources comm",Yes,Yes,Yes,,,Other,,physician,,Some fish may have more contaminants than others,,Yes,fits in wallet,,,Yes,,,,,,,Probably not do,Probably will do,Definitely will do,Definitely not do,Probably not do,Definitely not do,,i don't like eating those types of fish,i like to eat speckled trout,i always fillet and skin the fish i catch,i only like fresh fish,i like all cooking methods,i enjoy fishing,60 or older,Male,Bachelor degree,english,keep up the good work. GO HEELS!!!
39,TRUE,online,online,10:50,3/20/20,Yes,Other (explain):,,,email,Yes,Yes,On,Off,Off,Off,Off,Off,Off,Off,Off,Off,Off,Off,Off,Off,Off,Off,Off,,No,,,About 1 portion,1-3 meals,,,"Grilled,Fried",,Fillet (only meat with no fat skin or bones),,"Back Meat,Tail Meat,Abdomen Meat",Yes,heavy metal content,,Internet ,,,,,,,,,Yes,Yes,Yes,,,Internet ,Pub med,,,Some fish may have more contaminants than others,,No,,,less small writing and use larger font for main points on types of fish okay vs not okay. ,Yes,,,,,,,,,,,,,,,,,,,,30-39,Male,Graduate degree,english,
37,TRUE,online,online,10:51,3/20/20,Yes,"Website (if so, which website?)",Cape Fear Riverwatch Facebook page,,,Yes,Yes,Off,Off,Off,Off,Off,Off,Off,Off,Off,Off,Off,Off,Off,Off,Off,Off,Off,"Flounder, Speckled Trout, Redfish, Tripletail, Black Drum, Whiting",Yes,0,1 to 3,About 1 portion,7-9 meals,,,"Grilled,Fried,Baked",,Fillet (only meat with no fat skin or bones),,"Back Meat,Tail Meat,Abdomen Meat",Yes,Effect of pollutants/hurricanes/runoff on fish meat,,"Family or Friends,Other people that are fishing,News ,Government ",,"local (wect, wway)",,,"marine fisheries, noaa, samfc",,,"Flyers in tackle shops or sporting goods depts, informational sponsored ads online geared towards fishermen, commercials on local tv / radio, spokesman present at educational seminars/boat shows/fishing clubs around the state   ",No,,,,,,,,,"Some fish may have more contaminants than others,Some fish are safer to eat than others,Pregnant women and women between age 15-44 should not eat fish that may have mercury",,Yes,If they are interested in food safety they would check the cards.  If they are not interested in water quality and its effects then they aren't going to have this wallet card.,,The wallet card with the 'safe fish to eat' message was the clearest & most direct to me (card that is lower left in the pics above).  It got my attention and told which were the safest.,Yes,,,,,,,Probably will do,Probably will do,Probably will do,Neutral,Probably will do,Definitely not do,,,,,"Our local grocery stores don't sell local caught fish. It's mostly foreign. If we want fresh local fish, the local seafood markets are usually too expensive. It's cheaper to catch your own.",,We have not been sickened by fish we've caught and ate.  ,30-39,Female,Bachelor degree,English,
56,TRUE,online,online,10:52,3/20/20,Yes,Other (explain):,,,A friend share the link in FB,Yes,Yes,Off,Off,Off,Off,Off,Off,Off,Off,Off,Off,Off,Off,On,Off,Off,On,Off,Puffer fish,Yes,1 to 3,1 to 3,About 5 portions,1-3 meals,,,"Fried,Steamed",,"Remove scales,Remove fish organs",,"Back Meat,Tail Meat,Abdomen Meat,Belly Meat",No,,I ignore if is pollution on the river,Other ,,,,,,,Never have this kind of information,"Stores, at the public ramps all Wilmington schools no just around the river",No,,,,,,,,,Some fish are safer to eat than others,,Yes,If those are with chemicals and contamination is probably,,To have the reference on hand,No,It is healthier to fillet a fish before eating it,,Yes. Why?,Is a better option for my helath,,,,,,,,,,,,,,,,,,,,
95,TRUE,online,online,10:54,3/20/20,Yes,"Website (if so, which website?)",Cape Fear River Watch  2/19/2020 20:31,,,Yes,Yes,Off,Off,Off,Off,Off,Off,Off,Off,Off,On,Off,Off,Off,Off,Off,Off,Off,blue crab,Yes,0,1 to 3,About 1 portion,1-3 meals,,,"Grilled,Baked,Boiled",,Fillet (only meat with no fat skin or bones),,"Back Meat,Tail Meat,Abdomen Meat,Belly Meat",Yes,mercury ,,"Bait and Fishing Shops ,Government ,Signs and Posters ",all I visit,,,,"north carolina public health and DEQ website, EPA",all posted signage,,"Churches, community events.",Yes,Yes,Yes,Yes.  I always follow those guidelines,,Internet ,Government Websites - I used EPA website a lot but there is not much information there anymore.  I use the NC public health website now most often,,,"Some fish may have more contaminants than others,Some fish are safer to eat than others,Pregnant women and women between age 15-44 should not eat fish that may have mercury",,Yes,I have one for ticks so I would use this one too.,,,Yes,,,,,,,Probably will do,Probably will do,Probably will do,Probably not do,Probably will do,Probably will do,,,,,,,,50-59,Male,Graduate degree,English,Yikes!
5395,FALSE,online,online,23:07,3/25/20,Yes,Other (explain):,,,,Yes,Yes,Off,Off,Off,Off,Off,Off,Off,Off,Off,Off,Off,Off,Off,Off,Off,Off,Off,,"Yes, I share it with others",,,,,,,,,,,,,,,,,,,,,,,,,,,,,,,,,,,,,,,,,,,,,,,,,,,,,,,,,,,,,,,
5592,FALSE,online,online,20:41,3/26/20,Yes,,,,,,,,,,,,,,,,,,,,,,,,,,,,,,,,,,,,,,,,,,,,,,,,,,,,,,,,,,,,,,,,,,,,,,,,,,,,,,,,,,,,,,,,
24,FALSE,online,online,18:21,4/8/20,Yes,"Website (if so, which website?)",,,,Yes,Yes,,,,,,,,,,,,,,,,,,,,,,,,,,,,,,,,,,,,,,,,,,,,,,,,,,,,,,,,,,,,,,,,,,,,,,,,,,,,,,,,,,
134,FALSE,online,online,12:05,4/17/20,Yes,,,,,,,,,,,,,,,,,,,,,,,,,,,,,,,,,,,,,,,,,,,,,,,,,,,,,,,,,,,,,,,,,,,,,,,,,,,,,,,,,,,,,,,,
26,FALSE,online,online,9:45,4/19/20,Yes,Other (explain):,,,,Yes,Yes,Off,Off,Off,Off,Off,Off,Off,Off,Off,Off,Off,Off,Off,Off,Off,Off,Off,,"No, I eat it myself",,,,,,,,,,,,,,,,,,,,,,,,,,,,,,,,,,,,,,,,,,,,,,,,,,,,,,,,,,,,,,,
33,FALSE,online,online,9:49,4/19/20,Yes,"Website (if so, which website?)",,,,Yes,No,,,,,,,,,,,,,,,,,,,,,,,,,,,,,,,,,,,,,,,,,,,No,,,,,,,,,,,,,,,,,,,,,,,,,,,,,,,,,,,,,,,
43,FALSE,online,online,9:34,5/14/20,Yes,"Flyer or Poster (if so, where?)",,NHC health department ,,Yes,Yes,,,,,,,,,,,,,,,,,,,,,,,,,,,,,,,,,,,,,,,,,,,,,,,,,,,,,,,,,,,,,,,,,,,,,,,,,,,,,,,,,,
161,FALSE,WIC,WIC,9am,11/8/20,Yes,,,,,,,,,,,,,,,,,,,,,,,,,,,,,,,,,,,,,,,,,,,,,,,,,,,,,,,,,,,,,,,,,,,,,,,,,,,,,,,,,,,,,,,,
3944,TRUE,WIC,WIC,TEST,2/24/20,Yes,,,,,Yes,No,,,,,,,,,,,,,,,,,,,,,,,,,,,,,,,,,,,,,,,,,,,,,,,,,,,,,,,,,,,,,,,,,,,,,,,,,,,,,,,,,,
552,TRUE,WIC,WIC,,,Yes,,,,,Yes,No,,,,,,,,,,,,,,,,,,,,,,,,Catch and release,,,,,,,,,,,,,,,,,,,,,,,,,,,,,,,,,,,,,,,,,,,,,,,,,,,,,,,,,,
4648,TRUE,WIC,WIC,11:30,2/24/20,Yes,,,,,Yes,Yes,Off,Off,Off,Off,Off,Off,Off,Off,Off,Off,Off,Off,Off,Off,Off,Off,Off,"Not sure, smaller fish, blue crab",Yes,0,1 to 3,About 2 portions,1-3 meals,,,"Fried,Baked",,"Remove scales,Remove head,Remove fish organs",,"Tail,Back Meat,Tail Meat,Abdomen Meat,Belly Meat,Fish Organs",No,,,,,,,,,,,The clinic,Yes,Yes,No,,Brother does fishing,Health Clinic,,,,Other ,Interesting,,,,Brochures less useful,,,,,,,,,,,,,,,,,,,,,21-29,Female,Associate degree,English,Nope that’s it
931,FALSE,WIC,WIC,11:30,3/2/20,,,,,,,,,,,,,,,,,,,,,,,,,,,,,,,,,,,,,,,,,,,,,,,,,,,,,,,,,,,,,,,,,,,,,,,,,,,,,,,,,,,,,,,,,
690680,FALSE,WIC,WIC,Test,2/24/20,,,,,,,,,,,,,,,,,,,,,,,,,,,,,,,,,,,,,,,,,,,,,,,,,,,,,,,,,,,,,,,,,,,,,,,,,,,,,,,,,,,,,,,,,
84,TRUE,WIC,WIC,12:14,2/24/20,Yes,,,,,Yes,Yes,Off,Off,Off,Off,Off,Off,Off,Off,Off,Off,Off,Off,Off,Off,Off,Off,Off,,Yes,4 to 6,1 to 3,About 1 portion,1-3 meals,,,Fried,,"Remove scales,Remove fish organs",,"Back Meat,Tail Meat,Abdomen Meat,Belly Meat,Fish Organs,Head",Yes,Que no va haber pescaditos,,"Radio ,News ,Internet ,Signs and Posters ",,,,,,,,Internet,Yes,Yes,No,,Different fish,Health Clinic,,,,Some fish may have more contaminants than others,,,,,Traducir,,,,,,,,Probably will do,Probably will do,Probably will do,Probably will do,Probably not do,Definitely not do,,,,,,Asado si,Porque,21-29,Female,Less than high school degree,Español ,No